ticker,positive returns
A,68
AACG,52
AAIC,62
AAL,66
AAME,54
AAON,74
AAP,65
AAPL,70
AAT,71
AAU,49
AAWW,63
AB,75
ABB,64
ABC,70
ABCB,68
ABCM,58
ABEO,47
ABEV,55
ABG,77
ABIO,47
ABM,72
ABMD,71
ABR,73
ABT,76
ACAD,64
ACC,67
ACCO,63
ACGL,76
ACH,55
ACHC,70
ACHV,48
ACIW,66
ACLS,66
ACM,68
ACN,78
ACNB,76
ACOR,54
ACR,62
ACRX,61
ACTG,52
ACU,72
ACY,57
ADBE,81
ADC,73
ADES,63
ADI,69
ADM,69
ADMP,53
ADP,77
ADS,68
ADSK,68
ADTN,56
ADUS,67
ADXS,43
AE,58
AEE,77
AEG,66
AEGN,61
AEHL,49
AEHR,53
AEIS,69
AEL,73
AEM,64
AEMD,49
AEO,66
AEP,76
AER,72
AES,64
AEY,56
AEZS,50
AFG,75
AFL,71
AG,54
AGCO,69
AGEN,48
AGI,62
AGM,70
AGNC,75
AGO,71
AGRO,52
AGX,69
AGYS,63
AHC,59
AHPI,39
AHT,61
AIG,69
AIKI,38
AIM,43
AIMC,68
AIN,70
AINV,65
AIR,74
AIRI,53
AIRT,62
AIT,67
AIV,68
AIZ,78
AJG,81
AJRD,67
AKAM,67
AKO-A,54
AKR,64
ALB,69
ALBO,51
ALCO,55
ALE,70
ALG,69
ALGN,78
ALGT,74
ALIM,55
ALJJ,54
ALK,69
ALKS,67
ALL,71
ALLT,61
ALNY,70
ALOT,61
ALRN,26
ALRS,69
ALSK,50
ALT,46
ALTO,52
ALV,69
ALX,63
ALXN,66
AMAT,69
AMD,62
AME,71
AMED,66
AMEH,50
AMG,64
AMGN,74
AMKR,61
AMN,71
AMNB,73
AMOT,69
AMP,72
AMPE,61
AMPG,46
AMRB,62
AMRC,64
AMRN,56
AMRS,53
AMRX,57
AMS,57
AMSC,52
AMSF,69
AMSWA,70
AMT,74
AMWD,68
AMX,58
AMZN,73
AN,68
ANAT,72
ANDE,61
ANF,60
ANGO,59
ANIK,66
ANIP,65
ANIX,49
ANSS,69
ANTE,44
ANTM,71
ANY,34
AON,76
AOS,78
AOSL,63
AP,55
APA,54
APD,70
APDN,43
APEI,56
APEN,47
APH,78
APOG,68
APPS,65
APT,58
APWC,49
AQN,80
ARAY,57
ARC,50
ARCB,64
ARCC,75
ARE,75
ARGO,63
ARI,76
ARKR,60
ARL,62
ARLP,59
ARNA,58
AROW,70
ARR,68
ARTNA,70
ARTW,45
ARW,70
ARWR,67
ASB,69
ASGN,77
ASH,67
ASM,49
ASMB,50
ASML,70
ASPS,60
ASR,67
ASRT,52
ASRV,66
ASTC,50
ASTE,67
ASUR,59
ASX,66
ASXC,60
ASYS,59
AT,51
ATAX,68
ATEC,57
ATGE,68
ATHE,54
ATHX,57
ATI,59
ATLC,62
ATLO,62
ATNI,73
ATO,74
ATR,77
ATRC,70
ATRI,69
ATRO,63
ATRS,61
ATSG,61
ATVI,74
AU,54
AUB,70
AUBN,73
AUD,59
AUDC,65
AUMN,46
AUTO,60
AUY,52
AVA,70
AVAV,61
AVB,74
AVD,64
AVDL,53
AVEO,52
AVGO,71
AVID,64
AVNT,69
AVNW,53
AVT,67
AVXL,61
AVY,77
AWH,52
AWI,67
AWK,81
AWR,73
AWRE,59
AWX,60
AXAS,52
AXDX,57
AXGN,61
AXL,68
AXON,74
AXP,71
AXR,55
AXS,63
AXTI,53
AYI,68
AZN,64
AZO,73
AZPN,75
AZZ,66
B,68
BA,68
BAC,68
BAH,70
BAK,59
BAM,74
BANC,68
BANF,72
BANR,70
BAP,66
BAX,72
BB,54
BBAR,58
BBBY,56
BBD,61
BBGI,55
BBI,48
BBL,61
BBQ,61
BBSI,68
BBVA,59
BBW,58
BBY,67
BC,73
BCBP,70
BCDA,35
BCE,68
BCH,65
BCLI,53
BCML,65
BCO,69
BCOR,67
BCPC,69
BCRX,60
BCS,57
BDC,65
BDL,59
BDN,74
BDR,58
BDSI,60
BDX,74
BECN,66
BEEM,49
BELFB,59
BEN,65
BEP,73
BF-B,72
BFC,82
BFIN,64
BFS,64
BG,58
BGCP,63
BGFV,66
BGI,50
BGS,65
BH,62
BHB,68
BHC,67
BHE,71
BHLB,69
BHP,62
BIDU,62
BIG,60
BIIB,62
BIMI,48
BIO,71
BIOC,42
BIOL,47
BIP,80
BJRI,62
BK,71
BKCC,56
BKD,60
BKE,62
BKEP,58
BKH,74
BKNG,68
BKSC,66
BKTI,56
BKU,65
BKYI,53
BLDP,57
BLDR,68
BLFS,66
BLIN,42
BLK,74
BLKB,69
BLL,72
BLU,62
BLX,65
BMA,58
BMI,70
BMRA,61
BMRC,68
BMRN,67
BMTC,69
BMY,65
BNS,67
BNSO,56
BOCH,70
BOH,68
BOKF,68
BOOM,58
BOSC,53
BOTJ,71
BP,59
BPFH,63
BPOP,68
BPT,60
BPTH,53
BR,79
BRBS,67
BRC,60
BRFS,53
BRID,65
BRK-A,68
BRKL,70
BRKR,68
BRKS,67
BRN,44
BRO,71
BRT,70
BSAC,55
BSBR,59
BSET,61
BSQR,53
BSRR,67
BSX,66
BTG,58
BTI,67
BTN,62
BTU,42
BTX,49
BUD,68
BUSE,68
BVN,59
BWA,69
BWEN,54
BWFG,60
BWL-A,62
BWXT,79
BX,73
BXC,59
BXMT,76
BXP,64
BXS,73
BYD,67
BYFC,60
BZH,64
C,69
CAAS,53
CAC,65
CACC,67
CACI,69
CAE,63
CAG,69
CAH,69
CAJ,56
CAKE,74
CAL,61
CALM,62
CALX,63
CAMP,68
CAMT,65
CAPR,40
CAR,72
CARV,57
CASH,73
CASI,46
CASS,61
CASY,72
CAT,69
CATM,67
CATO,63
CATY,70
CB,75
CBAN,67
CBAT,50
CBB,62
CBD,57
CBFV,70
CBIO,52
CBLI,46
CBOE,75
CBPO,65
CBRE,67
CBRL,74
CBSH,74
CBT,63
CBU,74
CBZ,70
CCBG,72
CCEP,70
CCF,74
CCI,71
CCJ,47
CCK,72
CCL,67
CCM,58
CCMP,68
CCNE,67
CCO,58
CCOI,75
CCRN,61
CCU,58
CCZ,66
CDE,52
CDNS,76
CDOR,53
CDR,60
CDXC,55
CDXS,60
CDZI,54
CE,72
CEA,64
CECE,67
CEI,37
CELH,62
CEMI,61
CENTA,70
CENX,60
CEQP,58
CERN,73
CERS,58
CEVA,59
CF,69
CFBK,61
CFFI,67
CFFN,69
CFR,71
CFX,72
CGA,44
CGEN,57
CGNX,75
CHCI,47
CHCO,68
CHD,75
CHDN,72
CHE,72
CHH,74
CHKP,70
CHMG,66
CHNR,50
CHRW,68
CHS,59
CHT,69
CHTR,75
CI,71
CIA,56
CIB,59
CIDM,47
CIEN,61
CIG,61
CIGI,65
CIM,69
CINF,71
CIR,67
CIT,69
CIVB,74
CIX,62
CIZN,64
CJJD,54
CKX,54
CL,67
CLAR,64
CLB,59
CLBS,45
CLDB,75
CLDT,68
CLDX,57
CLF,57
CLFD,69
CLGX,70
CLH,69
CLI,55
CLMT,57
CLNE,54
CLR,62
CLRB,42
CLRO,55
CLS,63
CLSN,47
CLW,63
CLWT,53
CLX,70
CM,70
CMA,70
CMC,66
CMCO,67
CMCSA,77
CMCT,59
CMD,64
CME,68
CMG,69
CMI,66
CMLS,46
CMO,72
CMP,61
CMPR,65
CMRE,60
CMS,77
CMT,59
CMTL,69
CNA,67
CNBKA,74
CNC,69
CNET,49
CNI,70
CNK,69
CNMD,70
CNO,64
CNOB,65
CNP,71
CNQ,59
CNR,66
CNS,67
CNSL,69
CNTY,65
CNX,55
CNXN,67
CO,56
CODA,56
CODI,66
COF,75
COFS,65
COG,63
COHN,52
COHR,67
COHU,62
COKE,65
COLB,69
COLM,71
CONN,65
COO,71
COP,63
COR,75
CORE,70
CORR,71
CORT,64
COST,78
COWN,65
CP,77
CPA,66
CPB,71
CPE,59
CPF,70
CPG,59
CPHC,58
CPHI,48
CPIX,54
CPK,75
CPLP,58
CPRT,82
CPRX,66
CPS,66
CPSH,52
CPSI,62
CPSS,60
CPST,45
CPT,75
CQP,61
CR,66
CRAI,67
CRD-A,59
CRDF,46
CREE,67
CREG,42
CRESY,60
CRH,67
CRI,67
CRIS,54
CRK,52
CRL,74
CRM,70
CRMD,53
CRMT,67
CRNT,56
CROX,66
CRS,66
CRT,59
CRUS,64
CRVL,72
CRWS,62
CRY,66
CS,61
CSBR,53
CSCO,73
CSCW,52
CSGP,77
CSGS,61
CSII,63
CSIQ,64
CSL,74
CSPI,64
CSR,72
CSU,58
CSV,67
CSWC,74
CSX,72
CTAS,83
CTB,63
CTBI,73
CTG,56
CTHR,54
CTIB,57
CTIC,43
CTO,60
CTRN,68
CTS,68
CTSH,63
CTXS,69
CUB,58
CUBE,73
CUEN,41
CUK,64
CULP,69
CUTR,65
CUZ,64
CVA,64
CVBF,68
CVCO,68
CVCY,72
CVE,51
CVGI,59
CVGW,73
CVI,65
CVLG,63
CVLT,63
CVLY,65
CVM,47
CVR,65
CVS,67
CVU,55
CVV,52
CVX,63
CW,70
CWBC,66
CWCO,59
CWST,70
CWT,68
CX,61
CXDC,54
CXW,61
CYAN,57
CYBE,62
CYCC,47
CYD,55
CYH,63
CYRN,54
CYRX,64
CYTH,45
CYTK,67
CZNC,62
CZWI,72
D,75
DAC,54
DAIO,59
DAKT,60
DAL,67
DAN,64
DAR,69
DB,53
DBD,53
DBI,60
DCI,67
DCO,66
DCOM,66
DCP,64
DCTH,37
DD,67
DDD,56
DDS,61
DE,69
DECK,65
DEI,76
DENN,66
DEO,71
DFS,71
DG,71
DGICA,61
DGII,64
DGLY,52
DGX,73
DHC,63
DHI,75
DHIL,67
DHR,74
DHT,57
DHX,56
DIN,65
DIOD,63
DIS,68
DISCA,59
DISH,65
DIT,61
DJCO,68
DK,62
DKS,62
DLA,61
DLB,67
DLHC,54
DLR,69
DLTR,72
DLX,66
DMAC,52
DMLP,63
DMRC,55
DNN,54
DOOR,65
DORM,70
DOV,72
DOX,72
DPW,46
DPZ,81
DQ,61
DRD,55
DRE,73
DRH,63
DRI,73
DRQ,59
DRRX,55
DS,62
DSGX,66
DSPG,66
DSS,43
DSWL,61
DSX,50
DTE,75
DUK,73
DVA,65
DVAX,59
DVD,57
DVN,59
DWSN,54
DX,75
DXCM,66
DXPE,67
DXR,45
DXYN,61
DY,68
DYAI,61
DYNT,48
DZSI,54
E,56
EA,66
EAT,71
EBAY,65
EBF,68
EBIX,65
EBMT,61
EBR,53
EBS,72
EBSB,70
EBTC,60
EC,57
ECHO,66
ECL,74
ECOL,73
ECPG,65
ED,71
EDAP,59
EDN,60
EDU,70
EDUC,61
EEFT,73
EFC,69
EFSC,75
EFX,78
EGAN,61
EGBN,64
EGHT,61
EGLE,50
EGO,54
EGOV,61
EGP,79
EGY,56
EHTH,70
EIG,71
EIX,72
EL,74
ELA,51
ELLO,61
ELMD,56
ELP,60
ELS,78
ELSE,56
ELTK,57
ELY,74
EMAN,49
EMCF,66
EME,75
EMKR,56
EML,63
EMN,72
EMR,65
EMX,54
ENB,66
ENDP,52
ENG,53
ENLC,66
ENR,69
ENS,64
ENSG,72
ENSV,53
ENTG,73
ENV,71
ENZ,56
EOG,67
EPAC,58
EPAY,62
EPC,55
EPD,64
EPM,59
EPR,71
EQC,64
EQIX,75
EQR,68
EQS,47
EQT,58
ERF,60
ERIC,67
ERIE,69
ERII,63
ERJ,53
ES,77
ESCA,67
ESE,72
ESEA,50
ESGR,68
ESLT,67
ESP,66
ESS,74
ESSA,63
ESTE,54
ESXB,73
ETH,54
ETN,72
ETR,69
EVBN,72
EVC,59
EVGN,47
EVI,62
EVK,52
EVOL,61
EVR,69
EW,70
EWBC,74
EXAS,66
EXC,63
EXEL,60
EXFO,53
EXK,50
EXLS,71
EXP,70
EXPD,68
EXPE,74
EXPO,67
EXPR,55
EXR,76
EXTR,67
EYPT,52
EZPW,52
F,58
FAF,83
FANH,58
FARM,64
FARO,64
FAST,62
FBC,71
FBIZ,75
FBMS,72
FBNC,69
FBP,64
FC,66
FCAP,70
FCBC,66
FCCO,66
FCCY,61
FCEL,53
FCF,73
FCFS,64
FCN,65
FCNCA,68
FCRD,67
FCX,60
FDBC,75
FDP,66
FDS,73
FDX,74
FE,72
FEIM,58
FELE,65
FERG,64
FFBC,74
FFG,67
FFHL,52
FFIC,65
FFIN,75
FFIV,61
FFNW,62
FGBI,60
FHI,66
FHN,68
FIBK,73
FICO,77
FIS,74
FISI,68
FISV,79
FITB,74
FIX,63
FIZZ,68
FKWL,54
FL,69
FLDM,63
FLEX,75
FLIC,62
FLIR,64
FLL,57
FLNT,58
FLO,68
FLR,58
FLS,64
FLT,73
FLUX,48
FLWS,66
FLXS,66
FLY,59
FMAO,67
FMBH,67
FMBI,68
FMC,73
FMNB,72
FMS,66
FMX,63
FN,70
FNB,68
FNCB,58
FNF,75
FNHC,59
FNLC,63
FNV,57
FOE,63
FOLD,58
FONR,48
FOR,57
FORD,49
FORM,67
FORR,63
FORTY,68
FOSL,48
FR,74
FRAF,66
FRBA,65
FRBK,58
FRC,77
FRD,55
FRME,76
FRO,55
FRPH,60
FRST,75
FRT,67
FSFG,82
FSI,59
FSLR,57
FSM,54
FSP,58
FSS,69
FSTR,66
FTEK,48
FTFT,45
FTI,57
FTK,62
FTNT,75
FUL,71
FULT,65
FUN,69
FUNC,71
FUSB,57
FVE,54
FWRD,70
FXNC,68
G,75
GABC,71
GAIA,66
GAIN,67
GALT,58
GASS,59
GATX,62
GAU,53
GBCI,71
GBDC,74
GBL,65
GBLI,61
GBOX,43
GBR,56
GBX,69
GCBC,72
GCO,58
GD,69
GDOT,67
GE,57
GEF,67
GEL,59
GENC,59
GENE,48
GEO,65
GEOS,59
GERN,57
GES,61
GEVO,40
GFED,74
GFF,64
GFI,55
GFN,69
GGAL,68
GGB,56
GGG,74
GHC,68
GHL,55
GHM,58
GIB,72
GIFI,53
GIGM,51
GIII,70
GIL,69
GILD,64
GILT,65
GIS,66
GL,73
GLAD,73
GLBS,42
GLBZ,67
GLDD,69
GLNG,63
GLP,71
GLRE,54
GLT,66
GLUU,59
GLW,67
GM,64
GMAB,65
GME,55
GNMK,52
GNRC,71
GNSS,60
GNTX,69
GNW,59
GOGL,59
GOL,57
GOLD,54
GOOD,70
GOOGL,75
GORO,47
GPC,72
GPI,77
GPK,71
GPL,53
GPN,75
GPRE,62
GPRK,55
GPS,57
GPX,66
GRA,70
GRBK,60
GRC,63
GRMN,70
GROW,49
GRVY,54
GS,70
GSAT,54
GSBC,69
GSIT,56
GSK,64
GSL,51
GSM,59
GSS,50
GT,61
GTE,60
GTIM,58
GTLS,62
GTN,66
GTS,59
GTT,61
GTY,69
GURE,51
GVA,67
GVP,55
GWW,64
GYRO,53
H,62
HA,64
HAE,68
HAFC,70
HAIN,67
HAL,59
HALL,64
HALO,71
HAS,73
HAYN,59
HBAN,73
HBCP,67
HBI,66
HBIO,59
HBM,54
HBMD,68
HBNC,75
HBP,63
HCCI,66
HCHC,69
HCI,63
HCKT,66
HCSG,70
HD,77
HDB,67
HDSN,62
HE,68
HEAR,52
HEES,66
HEI,72
HELE,72
HEP,56
HES,62
HFBL,73
HFC,62
HFWA,65
HGBL,49
HGSH,49
HHC,65
HI,65
HIBB,60
HIFS,80
HIG,72
HIHO,63
HIL,57
HIMX,57
HIW,73
HL,50
HLF,63
HLIO,66
HLIT,60
HLX,54
HMC,58
HMG,55
HMN,67
HMNF,68
HMY,54
HNI,69
HNNA,66
HNP,58
HNRG,56
HOFT,70
HOG,64
HOLI,61
HOLX,71
HOMB,69
HON,80
HOPE,67
HOV,55
HP,63
HPP,67
HPQ,66
HQI,58
HR,71
HRB,68
HRC,72
HRI,63
HRL,74
HROW,53
HRTX,61
HRZN,72
HSBC,62
HSC,59
HSIC,65
HSII,62
HSKA,73
HSON,57
HST,60
HSTM,58
HSY,74
HT,58
HTBK,67
HTGC,77
HTH,66
HTHT,65
HTLD,63
HTLF,73
HUBG,66
HUM,67
HUN,68
HURC,56
HURN,64
HUSA,47
HVT,72
HWBK,72
HWC,69
HWCC,53
HWKN,61
HWM,62
HX,12
HXL,67
HZO,65
IAC,74
IAG,53
IART,69
IBA,67
IBCP,65
IBIO,45
IBKR,73
IBM,60
IBN,64
IBOC,70
ICAD,57
ICCC,61
ICE,68
ICFI,64
ICLR,76
ICON,50
ICUI,68
ID,6
IDA,73
IDCC,68
IDEX,47
IDN,57
IDRA,55
IDT,69
IDXX,75
IEC,58
IEP,65
IESC,66
IEX,74
IFF,69
IGC,46
IGT,63
IHC,71
IHG,70
IHT,58
III,54
IIIN,61
IIN,60
IIVI,59
IKNX,54
ILMN,69
IMAX,59
IMBI,54
IMGN,60
IMKTA,71
IMMR,57
IMO,59
IMOS,61
INBK,60
INCY,58
INDB,71
INDT,62
INFI,59
INFN,62
INFU,63
INFY,67
ING,66
INGR,68
INN,64
INO,61
INOD,53
INS,56
INSG,56
INSM,62
INT,63
INTC,72
INTG,56
INTT,58
INTU,77
INTZ,59
INUV,54
INVA,59
INVE,55
IO,50
IONS,64
IOR,59
IOSP,61
IOVA,57
IP,64
IPAR,69
IPG,74
IPGP,63
IPHI,69
IPI,59
IRBT,62
IRCP,59
IRDM,78
IRIX,61
IRM,72
IRS,58
IRWD,56
ISBC,68
ISDR,70
ISIG,48
ISNS,49
ISR,48
ISRG,73
ISSC,58
IT,68
ITGR,70
ITI,62
ITIC,66
ITP,36
ITRI,64
ITRN,67
ITT,69
ITUB,63
ITW,73
IVAC,55
IVC,55
IVR,67
IVZ,62
IX,64
J,62
JACK,74
JAKK,53
JAN,46
JAZZ,64
JBHT,68
JBL,63
JBLU,66
JBSS,69
JBT,70
JCI,75
JCOM,73
JCS,55
JCTCF,59
JEF,64
JHG,64
JHX,70
JJSF,73
JKHY,79
JKS,62
JLL,66
JMP,62
JNJ,76
JNPR,59
JOB,49
JOBS,65
JOE,62
JOUT,69
JPM,72
JRJC,47
JVA,49
JW-A,60
JWN,69
K,69
KAI,72
KALU,68
KAMN,65
KAR,68
KB,55
KBAL,59
KBH,67
KBR,57
KDP,75
KELYA,62
KEP,55
KEQU,61
KEX,65
KEY,73
KFFB,62
KFRC,64
KFS,63
KFY,68
KGC,52
KIM,62
KINS,62
KIRK,62
KKR,70
KLAC,75
KLIC,65
KMB,72
KMI,66
KMPR,65
KMT,66
KMX,68
KNDI,50
KNL,60
KNX,70
KO,75
KOF,65
KOP,69
KOPN,60
KOSS,57
KR,74
KRA,63
KRC,65
KRG,63
KRMD,60
KRNY,61
KRO,60
KSPN,58
KSS,68
KSU,74
KT,61
KTCC,54
KTOS,60
KVHI,55
KW,66
KWR,71
L,62
LAD,76
LAKE,56
LAMR,71
LANC,75
LARK,72
LAWS,66
LAZ,72
LB,64
LBAI,68
LBC,20
LBTYK,59
LCI,61
LCII,70
LCNB,66
LCTX,54
LCUT,56
LDL,69
LDOS,67
LEA,75
LEAF,56
LECO,66
LEDS,49
LEE,57
LEG,73
LEN,71
LEU,45
LEXX,45
LFC,56
LFMD,53
LFUS,68
LFVN,46
LGL,57
LGND,70
LH,74
LHCG,72
LHX,68
LII,75
LINC,52
LIVE,57
LIXT,51
LJPC,52
LKFN,71
LKQ,75
LL,65
LLIT,51
LLNW,56
LLY,76
LMAT,75
LMNR,63
LMNX,62
LMST,56
LMT,81
LNC,70
LNDC,60
LNG,69
LNN,70
LNT,77
LOAN,64
LODE,51
LOGI,73
LOPE,74
LORL,59
LOV,56
LOW,75
LPL,56
LPLA,75
LPSN,64
LPTH,49
LPX,67
LQDT,60
LRCX,77
LRN,62
LSBK,67
LSCC,61
LSI,68
LSTR,70
LTBR,48
LTC,64
LTRX,54
LUB,50
LULU,64
LUMN,56
LUNA,61
LUV,73
LVS,66
LWAY,54
LXP,65
LXRX,56
LXU,57
LYB,71
LYG,59
LYTS,64
LYV,66
LZB,64
M,69
MA,83
MAA,76
MAC,60
MAG,58
MAGS,61
MAIN,81
MAN,70
MANH,74
MANT,69
MAR,66
MARK,53
MARPS,55
MAS,68
MASI,71
MAT,65
MATW,65
MATX,65
MAXR,59
MAYS,55
MBCN,66
MBI,58
MBOT,42
MBT,61
MBWM,74
MCBC,66
MCD,73
MCF,50
MCHP,71
MCHX,62
MCK,61
MCO,77
MCRI,69
MCS,67
MCY,64
MD,62
MDC,67
MDCA,61
MDGL,56
MDLZ,69
MDNA,18
MDP,58
MDRX,57
MDT,71
MDU,67
MDXG,69
MED,66
MEDS,47
MEI,71
MEIP,57
MELI,67
MEOH,67
MERC,58
MET,68
MFA,73
MFC,69
MFG,53
MFIN,61
MFNC,69
MG,56
MGA,73
MGEE,75
MGI,53
MGIC,63
MGLN,61
MGM,62
MGPI,70
MGRC,72
MGYR,68
MHH,53
MHK,77
MHLD,60
MHO,70
MIC,73
MICT,47
MIDD,74
MIND,56
MITK,62
MKC,72
MKL,73
MKSI,71
MKTX,77
MKTY,60
MLAB,71
MLCO,66
MLHR,67
MLI,65
MLM,68
MLP,64
MLR,64
MLSS,58
MLVF,67
MMAC,62
MMC,81
MMLP,55
MMM,76
MMP,66
MMS,66
MMSI,65
MMYT,57
MNDO,58
MNKD,60
MNOV,57
MNR,70
MNRO,67
MNST,67
MNTX,60
MO,71
MOD,60
MODV,65
MOFG,71
MOG-A,67
MOH,67
MORN,72
MOS,68
MOSY,50
MOV,59
MPAA,63
MPB,60
MPW,75
MPWR,76
MPX,69
MRCY,68
MRK,72
MRLN,67
MRO,62
MRTN,64
MRVL,65
MS,72
MSA,75
MSB,56
MSCI,77
MSEX,76
MSFT,81
MSGN,64
MSI,70
MSM,67
MSN,46
MSON,58
MSTR,62
MT,56
MTB,72
MTD,73
MTEM,60
MTEX,54
MTG,71
MTH,65
MTN,71
MTOR,62
MTR,53
MTRN,61
MTRX,69
MTSL,58
MTW,63
MTX,68
MTZ,67
MU,66
MUFG,62
MUR,60
MUX,48
MVBF,56
MVIS,51
MVO,63
MWA,66
MXC,61
MXIM,67
MXL,66
MYE,68
MYGN,59
MYRG,66
NAII,56
NAK,49
NAKD,30
NAT,61
NATH,71
NATI,67
NATR,59
NAV,59
NAVB,49
NBIX,66
NBN,61
NBR,58
NBSE,59
NBTB,70
NBY,47
NC,61
NCMI,64
NCR,59
NCTY,47
NDAQ,79
NDSN,72
NEE,81
NEM,59
NEN,71
NEO,68
NEOG,72
NEON,54
NEPH,28
NEPT,51
NES,37
NETE,46
NEU,69
NEWT,76
NFBK,73
NFG,60
NFLX,76
NG,54
NGD,53
NGG,68
NGS,54
NHC,69
NHI,74
NHTC,58
NI,77
NICE,65
NICK,59
NJR,62
NKE,71
NKSH,59
NKTR,58
NL,51
NLOK,62
NLS,64
NLSN,59
NLY,74
NM,56
NMM,59
NMR,56
NNBR,67
NNI,66
NNN,69
NNVC,49
NOA,55
NOAH,60
NOC,80
NOG,49
NOK,61
NOTV,62
NOV,55
NP,69
NPK,64
NPO,64
NPTN,62
NR,64
NRG,66
NRIM,63
NRP,49
NRT,56
NS,62
NSC,69
NSEC,55
NSIT,65
NSP,70
NSSC,70
NSYS,50
NTAP,68
NTCT,58
NTES,73
NTGR,65
NTIC,56
NTP,62
NTRS,74
NTUS,62
NTWK,48
NTZ,46
NUAN,62
NUE,61
NURO,34
NUS,67
NUVA,68
NVAX,58
NVCN,52
NVDA,76
NVEC,63
NVGS,63
NVIV,55
NVMI,73
NVO,67
NVR,74
NVS,75
NWBI,73
NWE,74
NWFL,64
NWG,60
NWL,65
NWLI,64
NWN,69
NWPX,56
NX,66
NXGN,62
NXPI,72
NXST,76
NYCB,64
NYMT,74
NYMX,49
NYT,60
O,73
OBAS,57
OBCI,61
OBLG,48
OC,70
OCC,50
OCFC,69
OCN,63
OCSL,65
OCUP,48
ODC,58
ODFL,73
ODP,59
OEG,52
OESX,55
OFC,67
OFED,67
OFG,65
OFIX,62
OFLX,69
OGE,65
OGEN,44
OHI,69
OI,60
OII,60
OIIM,54
OIS,58
OKE,67
OLB,24
OLED,64
OLN,59
OLP,72
OMAB,71
OMC,67
OMCL,72
OMER,51
OMEX,50
OMI,66
ON,68
ONB,69
ONCT,55
ONTO,64
ONTX,38
OPBK,57
OPCH,67
OPHC,49
OPI,64
OPK,55
OPOF,68
OPRX,57
OPTT,40
OPY,66
ORA,66
ORAN,54
ORBC,63
ORCL,68
ORI,73
ORLY,77
ORMP,54
ORN,62
ORRF,67
OSBC,65
OSIS,72
OSK,67
OSN,55
OSPN,63
OSTK,58
OSUR,56
OTEX,72
OTTR,71
OVBC,69
OVLY,65
OVV,59
OXM,65
OXY,58
OZK,65
PAA,59
PAAS,52
PAC,76
PACB,58
PACW,71
PAG,70
PAR,66
PATK,75
PAYS,56
PAYX,72
PB,68
PBA,68
PBCT,68
PBH,64
PBHC,72
PBI,52
PBIP,70
PBR,56
PBT,62
PCAR,69
PCG,67
PCH,64
PCOM,55
PCRX,66
PCTI,56
PCYG,56
PCYO,58
PDCE,64
PDCO,62
PDEX,66
PDFS,68
PDM,65
PDS,55
PEAK,64
PEB,64
PEBK,74
PEBO,72
PED,42
PEG,75
PEGA,71
PEI,54
PENN,70
PEP,71
PERI,54
PESI,56
PETS,63
PFBC,72
PFBI,72
PFC,74
PFE,66
PFG,68
PFIE,55
PFIN,66
PFIS,64
PFS,66
PFSW,63
PG,73
PGC,66
PGR,73
PGTI,77
PH,73
PHG,70
PHI,59
PHM,69
PHX,53
PII,66
PIPR,69
PKBK,60
PKE,59
PKG,73
PKI,72
PKOH,65
PKX,61
PLAB,60
PLAG,48
PLBC,67
PLCE,62
PLD,73
PLG,39
PLM,48
PLOW,62
PLPC,59
PLT,66
PLUG,56
PLUS,74
PLX,42
PLXS,71
PM,66
PMBC,60
PMD,59
PMT,78
PNBK,62
PNC,76
PNFP,70
PNM,76
PNNT,65
PNR,68
PNRG,63
PNW,72
PODD,71
POOL,78
POR,72
POWI,68
POWL,65
PPBI,74
PPC,71
PPG,73
PPL,74
PRA,68
PRAA,61
PRDO,57
PRFT,67
PRG,70
PRGO,56
PRGS,61
PRI,74
PRIM,64
PRK,69
PRMW,59
PRO,70
PROV,72
PRPH,53
PRPO,38
PRTK,50
PRTS,56
PRU,73
PSA,70
PSB,68
PSEC,67
PSHG,48
PSMT,69
PSO,58
PSTI,50
PSTV,41
PTC,72
PTE,40
PTEN,60
PTMN,61
PTN,56
PTNR,50
PTR,55
PTSI,65
PTVCB,63
PUK,69
PVH,70
PW,51
PWFL,58
PWOD,65
PWR,68
PXD,67
PXLW,59
PZG,47
PZN,63
PZZA,69
QADA,63
QCOM,63
QCRH,76
QDEL,66
QGEN,61
QMCO,66
QNST,61
QRHC,55
QRTEA,59
QUAD,57
QUIK,55
QUMU,56
R,69
RAD,56
RADA,63
RAIL,50
RAND,52
RAVE,60
RAVN,62
RBA,64
RBC,68
RBCAA,69
RBCN,51
RCI,66
RCII,67
RCKY,66
RCL,69
RCMT,62
RCON,52
RDCM,53
RDI,57
RDN,69
RDNT,58
RDS-A,61
RDWR,67
RDY,61
RE,74
REED,59
REFR,49
REG,64
REGN,66
REI,59
RELL,48
RELX,74
REPX,57
RES,54
REV,56
REX,69
RF,76
RFIL,59
RFP,60
RGA,72
RGCO,75
RGEN,69
RGLD,60
RGP,61
RGR,65
RGS,60
RHI,69
RHP,73
RIBT,47
RICK,59
RIG,50
RIGL,57
RIO,61
RIOT,53
RIVE,61
RJF,73
RL,64
RLGT,54
RLI,78
RMBS,67
RMCF,58
RMD,79
RMTI,53
RNET,61
RNR,74
RNST,70
RNWK,51
ROCK,68
ROG,67
ROIC,68
ROK,68
ROL,75
ROLL,69
ROP,64
ROST,70
RP,63
RPM,69
RPT,63
RRC,53
RRD,57
RRGB,64
RS,70
RSG,80
RSSS,55
RTX,66
RUSHA,70
RUTH,75
RVP,66
RVSB,69
RWT,68
RY,73
RYAAY,66
RYN,66
SA,60
SAFM,67
SAFT,66
SAH,63
SAIA,76
SAL,65
SALM,55
SAM,68
SAN,57
SAND,55
SANM,70
SANW,56
SAP,69
SAR,67
SASR,68
SATS,55
SAVA,61
SB,52
SBAC,73
SBCF,73
SBFG,75
SBGI,58
SBH,63
SBLK,55
SBNY,70
SBR,63
SBRA,68
SBS,64
SBSI,66
SBT,17
SBUX,79
SCCO,61
SCHL,67
SCHN,62
SCHW,64
SCI,78
SCKT,56
SCL,69
SCOR,53
SCS,66
SCSC,61
SCU,56
SCVL,67
SCX,54
SEAC,56
SEB,61
SEE,65
SEED,52
SEEL,46
SEIC,77
SELF,64
SEM,65
SENEA,61
SF,68
SFBC,80
SFE,56
SFL,65
SFNC,63
SFST,70
SFUN,55
SGA,50
SGC,76
SGEN,63
SGLB,47
SGMA,61
SGMO,56
SGMS,63
SGOC,53
SGRP,56
SGU,66
SHBI,68
SHEN,68
SHG,58
SHI,60
SHIP,44
SHO,65
SHOO,65
SHW,78
SHYF,61
SID,55
SIEB,58
SIF,51
SIFY,57
SIG,66
SIGA,57
SIGI,70
SILC,69
SIM,56
SIMO,67
SINO,51
SIRI,66
SITC,61
SIVB,78
SIX,72
SJI,57
SJM,65
SJR,71
SJT,55
SJW,67
SKM,68
SKT,59
SKX,70
SKY,58
SKYW,66
SLAB,63
SLB,56
SLCT,61
SLF,73
SLG,69
SLGN,61
SLM,66
SLP,70
SLRC,70
SM,53
SMBC,76
SMBK,65
SMCI,66
SMED,58
SMFG,60
SMG,69
SMIT,55
SMMF,63
SMP,69
SMSI,56
SMTC,67
SMTI,52
SNA,70
SNBR,70
SNCA,53
SNCR,58
SNEX,64
SNFCA,69
SNMP,53
SNN,71
SNOA,50
SNP,54
SNPS,72
SNV,69
SNX,74
SNY,71
SO,76
SOHO,65
SOHU,52
SOL,48
SON,71
SONN,36
SONY,66
SP,60
SPB,72
SPCB,51
SPG,69
SPGI,83
SPH,62
SPNS,72
SPOK,52
SPPI,59
SPR,67
SPRO,48
SPRT,50
SPSC,70
SPTN,69
SPWR,58
SPXC,65
SQBG,48
SQM,60
SR,67
SRCE,72
SRCL,64
SRDX,58
SRE,80
SRGA,61
SRI,66
SRL,52
SRNE,54
SRPT,61
SRT,63
SSB,67
SSBI,74
SSD,69
SSKN,42
SSL,56
SSNC,72
SSP,68
SSRM,63
SSY,66
SSYS,51
ST,66
STAA,65
STAR,68
STBA,68
STC,72
STE,76
STFC,61
STKL,62
STL,68
STLA,67
STLD,67
STM,64
STMP,70
STN,68
STND,73
STNG,59
STON,58
STRA,58
STRL,59
STRM,56
STRR,56
STRS,59
STRT,60
STT,67
STWD,72
STX,72
STXS,49
STZ,73
SU,62
SUI,75
SUMR,49
SUNS,73
SUP,56
SUZ,63
SVA,46
SVBI,64
SVC,62
SVM,50
SVRA,56
SVT,60
SWBI,64
SWIR,59
SWK,75
SWKH,58
SWKS,72
SWM,65
SWN,52
SWX,68
SXI,64
SXT,72
SYBT,70
SYK,75
SYKE,69
SYN,51
SYNA,60
SYNL,56
SYPR,53
SYX,65
SYY,70
T,64
TA,51
TAC,58
TACT,56
TAIT,61
TAK,64
TAL,74
TAOP,54
TAP,62
TARO,63
TAST,59
TATT,49
TAYD,60
TBBK,70
TBI,64
TBNK,66
TCBI,69
TCBK,69
TCF,67
TCFC,63
TCI,63
TCOM,62
TCX,69
TD,68
TDC,61
TDG,82
TDS,60
TDW,49
TDY,76
TECH,68
TECK,54
TEF,51
TEL,74
TELL,54
TEN,59
TENX,49
TEO,57
TER,70
TESS,61
TEVA,56
TEX,65
TFC,74
TFII,73
TFSL,72
TFX,74
TG,62
TGA,53
TGB,51
TGI,59
TGNA,68
TGP,60
TGS,63
TGT,70
TGTX,61
THC,59
THFF,69
THG,75
THM,47
THMO,44
THO,68
THRM,65
THS,68
TILE,62
TIPT,62
TISI,61
TITN,61
TJX,80
TK,61
TKC,60
TKR,69
TLK,64
TM,65
TMDI,46
TMO,76
TMP,70
TMUS,69
TNC,68
TNK,55
TNL,69
TNP,55
TOL,70
TOPS,35
TOT,65
TOWN,69
TPC,61
TPL,71
TPR,60
TPX,70
TR,68
TRC,55
TRCH,49
TREC,56
TREE,75
TREX,68
TRGP,68
TRI,72
TRIB,57
TRIL,54
TRMB,67
TRMK,69
TRN,69
TRNO,70
TRNS,73
TROW,70
TROX,62
TRP,66
TRQ,50
TRS,60
TRST,66
TRT,55
TRTN,68
TRUE,62
TRV,75
TRX,52
TS,57
TSBK,76
TSCO,75
TSEM,62
TSLA,65
TSM,77
TSN,71
TSRI,58
TT,76
TTC,81
TTEC,68
TTEK,74
TTGT,70
TTI,57
TTM,54
TTMI,64
TTNP,40
TTWO,72
TU,78
TUP,62
TV,57
TVC,76
TVTY,57
TWI,56
TWIN,56
TWO,73
TX,59
TXMD,67
TXN,76
TXRH,81
TXT,67
TYL,77
TZOO,53
UAA,69
UAL,66
UAMY,53
UBA,59
UBCP,65
UBFO,69
UBOH,69
UBSI,66
UCBI,68
UCTT,63
UDR,69
UEC,57
UEIC,62
UEPS,58
UFCS,70
UFI,63
UFPI,66
UFPT,70
UFS,59
UG,57
UGI,72
UGP,57
UHAL,70
UHS,64
UHT,72
UIHC,57
UIS,64
UL,75
ULBI,56
ULTA,74
UMBF,72
UMC,63
UMH,67
UMPQ,64
UNAM,58
UNB,67
UNF,71
UNFI,58
UNH,79
UNM,66
UNP,75
UNTY,66
UONE,53
UPS,73
URBN,57
URG,53
URI,75
USAK,53
USAP,56
USAT,61
USAU,38
USB,73
USCR,76
USEG,44
USIO,51
USLM,66
USM,58
USNA,65
USPH,73
UTHR,65
UTI,52
UTL,72
UTMD,72
UTSI,47
UUU,51
UUUU,54
UVE,66
UVSP,67
UVV,63
V,82
VABK,78
VALE,54
VALU,60
VBFC,62
VBIV,50
VC,69
VCEL,56
VECO,63
VEDL,55
VERU,54
VET,62
VFC,74
VFF,48
VG,61
VGR,66
VGZ,50
VHC,65
VHI,54
VIAC,70
VICR,62
VIRC,59
VIRX,54
VIV,62
VIVE,47
VIVO,74
VLGEA,61
VLO,63
VLY,65
VMC,72
VMI,63
VMW,69
VNDA,58
VNO,67
VNRX,51
VOD,64
VOLT,50
VOXX,56
VPG,67
VRA,57
VRME,48
VRNT,66
VRSK,74
VRSN,76
VRTS,73
VRTX,64
VSAT,62
VSEC,64
VSH,65
VTNR,51
VTR,68
VUZI,53
VVI,66
VWTR,61
VZ,64
WAB,67
WABC,66
WAFD,70
WAL,72
WASH,70
WAT,70
WBA,57
WBK,70
WBS,72
WCC,62
WCN,82
WD,65
WDC,64
WDFC,73
WDR,63
WEC,70
WELL,71
WEN,67
WERN,64
WETF,62
WEX,74
WEYS,61
WF,59
WFC,73
WFCF,58
WFG,63
WGO,63
WHG,57
WHLM,56
WHR,65
WILC,54
WINA,72
WIRE,69
WIT,63
WLDN,58
WLFC,65
WLK,67
WLMS,52
WM,78
WMB,68
WMK,68
WMPN,51
WMT,66
WNC,60
WNEB,67
WNS,76
WOR,66
WPC,73
WPP,68
WPRT,52
WRB,77
WRE,62
WRI,68
WRLD,63
WRN,49
WSBC,67
WSBF,72
WSFS,69
WSM,68
WSO,76
WSR,68
WST,78
WSTG,63
WTBA,67
WTFC,72
WTI,55
WTM,76
WTRG,79
WTS,71
WTT,56
WU,66
WVFC,66
WVVI,54
WW,60
WWD,67
WWE,70
WWW,64
WY,63
WYNN,63
WYY,54
X,54
XEC,62
XEL,77
XELB,52
XIN,62
XLNX,67
XOM,60
XOMA,60
XPEL,69
XPER,60
XPL,49
XPO,70
XRAY,62
XRX,61
XTLB,52
XXII,64
Y,68
YELL,50
YORW,71
YPF,55
YTEN,45
YUM,73
ZBH,65
ZBRA,74
ZEUS,60
ZGNX,57
ZION,71
ZIOP,59
ZIXI,59
ZNH,61
ZUMZ,62
ZVO,58
ZYXI,50
